iter	Logloss
0	0.2650477413
1	0.1844299523
2	0.1565312608
3	0.1391056367
4	0.1313637868
5	0.124601434
6	0.1151631047
7	0.1114205612
8	0.1087521341
9	0.1056839168
