iter	Logloss
0	0.2655764816
1	0.180925243
2	0.1554860478
3	0.1394608019
4	0.1311766869
5	0.1251523553
6	0.1168957162
7	0.1130878318
8	0.1081226961
9	0.1042729816
