iter	Logloss
0	0.2887130617
1	0.215947711
2	0.1683852968
3	0.1552180764
4	0.1427107634
5	0.1323334129
6	0.1217657622
7	0.1185328446
8	0.1129142697
9	0.109836354
