iter	Logloss
0	0.3138214102
1	0.236700572
2	0.1973951908
3	0.1801013482
4	0.1701395959
5	0.1627925759
6	0.1570385133
7	0.151319522
8	0.1452126275
9	0.1418092644
