iter	Logloss
0	0.2890047074
1	0.2077099818
2	0.1626501339
3	0.1477200479
4	0.1361991006
5	0.1275072606
6	0.1212518784
7	0.1185032804
8	0.1096901619
9	0.1061210127
